{
  "name": "Ana",
  "intents": [
    {
      "intent": "coverage",
      "examples": [
        {
          "text": "How much coverage do I have for"
        },
        {
          "text": "How much"
        },
        {
          "text": "Coverage"
        },
        {
          "text": "I want to get glasses"
        },
        {
          "text": "How much does my plan cover"
        },
        {
          "text": "I want to get contacts"
        },
        {
          "text": "I need new glasses"
        },
        {
          "text": "I need new"
        },
        {
          "text": "I need my spine adjusted"
        },
        {
          "text": "I need my back adjusted"
        },
        {
          "text": "I need glasses"
        },
        {
          "text": "I need braces. Am I covered?"
        },
        {
          "text": "would my insurance pay for broken glasses?"
        },
        {
          "text": "What's the maximum allowance for getting new glasses?"
        },
        {
          "text": "What is my coverage for physical therapist?"
        },
        {
          "text": "I want to purchase new glasses"
        },
        {
          "text": "I want to purchase"
        },
        {
          "text": "I need braces"
        },
        {
          "text": "I need a chiropractor"
        },
        {
          "text": "I broke my glasses"
        },
        {
          "text": "How much more money is in my orthodontics benefit?"
        },
        {
          "text": "How much do I have left in my deductible?"
        },
        {
          "text": "How much do I have left"
        },
        {
          "text": "What does a cavity cost me?"
        }
      ]
    },
    {
      "intent": "find-doctor",
      "examples": [
        {
          "text": "Where can I find an in-policy"
        },
        {
          "text": "my shoulder broke"
        },
        {
          "text": "Got to do something about my depression"
        },
        {
          "text": "Where can I find a dentist?"
        },
        {
          "text": "I am looking for psychotherapie"
        },
        {
          "text": "I am depressed and need help"
        },
        {
          "text": "Who is my closest doctor"
        },
        {
          "text": "Who is my closest dentist"
        },
        {
          "text": "Where can I find an in policy"
        },
        {
          "text": "I need a doctor"
        }
      ]
    },
    {
      "intent": "greeting",
      "examples": [
        {
          "text": "Ana"
        },
        {
          "text": "Don't go"
        },
        {
          "text": "Good afternoon"
        },
        {
          "text": "It's me again"
        },
        {
          "text": "Hi Ana"
        },
        {
          "text": "Hi"
        },
        {
          "text": "Hey Ana"
        },
        {
          "text": "Hello"
        },
        {
          "text": "Good evening"
        },
        {
          "text": "Good morning"
        },
        {
          "text": "Anya"
        }
      ]
    },
    {
      "intent": "select_procedure",
      "examples": [
        {
          "text": "I need information about therapy"
        },
        {
          "text": "I need information about tooth repair"
        },
        {
          "text": "Tell me what my coverage is"
        },
        {
          "text": "I need information about eye wear"
        },
        {
          "text": "Tell me what my limit is for eye wear"
        },
        {
          "text": "I need information about glasses"
        },
        {
          "text": "Yes I need to know my policy for buying new glasses"
        },
        {
          "text": "Tell me what my limit is"
        }
      ]
    },
    {
      "intent": "branch_location",
      "examples": [
        {
          "text": "Where is the nearest branch?"
        },
        {
          "text": "Where should I go to cancel my policy?"
        },
        {
          "text": "nearest office to place"
        },
        {
          "text": "how far is your office?"
        },
        {
          "text": "where is your office?"
        },
        {
          "text": "Where can I locate your branches?"
        }
      ],
      "description": ""
    },
    {
      "intent": "select_service",
      "examples": [
        {
          "text": "I need information about physical"
        },
        {
          "text": "I need details about my dental"
        },
        {
          "text": "I need to know about my vision plan"
        },
        {
          "text": "Vision"
        },
        {
          "text": "Need info about dental"
        },
        {
          "text": "I need information about my vision plan"
        },
        {
          "text": "I need information about my dental plan"
        },
        {
          "text": "I want some info about my vision plan"
        },
        {
          "text": "I want some details on my vision plan"
        }
      ]
    },
    {
      "intent": "still-here",
      "examples": [
        {
          "text": "Come back"
        },
        {
          "text": "k"
        },
        {
          "text": "I wasn't done"
        },
        {
          "text": "I need more help"
        },
        {
          "text": "I wasn't finished"
        },
        {
          "text": "Still talking with me?"
        },
        {
          "text": "I'm not done"
        }
      ]
    },
    {
      "intent": "get_info",
      "examples": [
        {
          "text": "Information"
        },
        {
          "text": "I don't need to file a claim"
        },
        {
          "text": "Can I visit"
        },
        {
          "text": "I need info"
        },
        {
          "text": "When does my policy start?"
        },
        {
          "text": "When does my policy end?"
        },
        {
          "text": "What is my policy?"
        },
        {
          "text": "What is my coverage?"
        },
        {
          "text": "Am I covered"
        },
        {
          "text": "I need more information"
        },
        {
          "text": "I want to know more"
        },
        {
          "text": "Do I have"
        },
        {
          "text": "What are my benefits?"
        },
        {
          "text": "tell me about my plan"
        },
        {
          "text": "Tell me what I need to know"
        },
        {
          "text": "I need some information"
        }
      ]
    },
    {
      "intent": "positive",
      "examples": [
        {
          "text": "this is fantastic"
        },
        {
          "text": "muchas gracias"
        },
        {
          "text": "fantastic"
        },
        {
          "text": "I love you"
        },
        {
          "text": "thank you"
        },
        {
          "text": "thank you Ana"
        },
        {
          "text": "thank you so much"
        },
        {
          "text": "I really appreciate it"
        },
        {
          "text": "you're awesome"
        },
        {
          "text": "that's great"
        },
        {
          "text": "thanks"
        }
      ]
    },
    {
      "intent": "select_detail",
      "examples": [
        {
          "text": "till now nothing but I will have to see my dentist next week and wonder which services are covered by my plan"
        },
        {
          "text": "What is my term for"
        },
        {
          "text": "What is the code for"
        },
        {
          "text": "What is the limit for glasses?"
        },
        {
          "text": "eye glasses"
        },
        {
          "text": "Hi Ana, I have a cavity that needs to be filled and I want to know what my coverage is"
        },
        {
          "text": "I need the code for"
        },
        {
          "text": "I need the term for"
        },
        {
          "text": "When does my plan end?"
        }
      ]
    },
    {
      "intent": "goodbye",
      "examples": [
        {
          "text": "Catch you later"
        },
        {
          "text": "Goodbye"
        },
        {
          "text": "I don't need any more help"
        },
        {
          "text": "Later"
        },
        {
          "text": "Nothing more"
        },
        {
          "text": "See ya"
        },
        {
          "text": "That's all"
        },
        {
          "text": "Bye"
        },
        {
          "text": "I'm done"
        }
      ]
    },
    {
      "intent": "claim_procedure",
      "examples": [
        {
          "text": "I need to file a claim for contacts"
        },
        {
          "text": "I got new contacts"
        },
        {
          "text": "I got my teeth cleaned"
        },
        {
          "text": "Glasses"
        },
        {
          "text": "Dr Feel Good"
        },
        {
          "text": "I need to file a claim for physical therapy"
        },
        {
          "text": "Teeth cleaning"
        },
        {
          "text": "I want reimbursement for"
        },
        {
          "text": "I need to make a claim for glasses"
        },
        {
          "text": "I need to file a claim for teeth cleaning"
        },
        {
          "text": "I need to file a claim for glasses"
        },
        {
          "text": "I need reimbursement for"
        },
        {
          "text": "I just spoke to a therapist"
        },
        {
          "text": "I just got new glasses"
        },
        {
          "text": "I just got new contacts"
        },
        {
          "text": "I just got new contact lens"
        },
        {
          "text": "I had my back adjusted"
        },
        {
          "text": "I had a therapy session"
        },
        {
          "text": "I got new glasses"
        }
      ]
    },
    {
      "intent": "list_options",
      "examples": [
        {
          "text": "What are my policies?"
        },
        {
          "text": "What are the services?"
        },
        {
          "text": "What do you recommend?"
        },
        {
          "text": "what can you help with"
        },
        {
          "text": "What is available?"
        },
        {
          "text": "how helpful are you"
        },
        {
          "text": "What services are available?"
        },
        {
          "text": "What services do I have?"
        },
        {
          "text": "What is there?"
        },
        {
          "text": "What are my options?"
        }
      ]
    },
    {
      "intent": "no-response",
      "examples": [
        {
          "text": "I have an emergency"
        },
        {
          "text": "What should I do if I accidentally cut my finger off?"
        },
        {
          "text": "Well, I am under pressure"
        },
        {
          "text": "I need to learn more about decapitation coverage"
        },
        {
          "text": "I may die"
        },
        {
          "text": "I want a beer"
        },
        {
          "text": "Get me a beer"
        },
        {
          "text": "Help me"
        }
      ]
    },
    {
      "intent": "casual_conversation",
      "examples": [
        {
          "text": "How are you?"
        },
        {
          "text": "How is Ana?"
        },
        {
          "text": "How are you today?"
        },
        {
          "text": "How are you doing?"
        },
        {
          "text": "Are you okay?"
        }
      ]
    },
    {
      "intent": "make_claim",
      "examples": [
        {
          "text": "Claim"
        },
        {
          "text": "I want to file a recent expense."
        },
        {
          "text": "I want to file a claim."
        },
        {
          "text": "I recently went to the doctor."
        },
        {
          "text": "I need to make a claim"
        },
        {
          "text": "Can I file a claim?"
        },
        {
          "text": "How do I file a claim?"
        },
        {
          "text": "I just got glasses."
        }
      ]
    },
    {
      "intent": "negative",
      "examples": [
        {
          "text": "Give me someone real to talk to"
        },
        {
          "text": "Wow that's mean"
        },
        {
          "text": "You're quite rude"
        },
        {
          "text": "You're stupid"
        },
        {
          "text": "Dumb bot"
        },
        {
          "text": "Dumb machine"
        },
        {
          "text": "I hate this thing"
        },
        {
          "text": "I hate you"
        },
        {
          "text": "Why can't you do your job"
        },
        {
          "text": "Why won't you work"
        }
      ]
    },
    {
      "intent": "update_policy",
      "examples": [
        {
          "text": "My name is wrong"
        },
        {
          "text": "My information is wrong"
        },
        {
          "text": "I want to change my password"
        },
        {
          "text": "I want to change my account details"
        },
        {
          "text": "I need to update my account"
        },
        {
          "text": "I need more coverage"
        },
        {
          "text": "I want to drop my plan"
        },
        {
          "text": "I want to change my policy"
        },
        {
          "text": "I need more insurance"
        },
        {
          "text": "Update account details"
        },
        {
          "text": "I need to update my vision plan"
        }
      ]
    },
    {
      "intent": "off_topic",
      "examples": [
        {
          "text": "What is the weather?"
        },
        {
          "text": "What is the meaning of life?"
        },
        {
          "text": "Are you a robot?"
        },
        {
          "text": "Are you real?"
        },
        {
          "text": "Are you single?"
        },
        {
          "text": "Do you like your job?"
        }
      ]
    }
  ],
  "entities": [
    {
      "entity": "family",
      "values": [
        {
          "type": "synonyms",
          "value": "child",
          "synonyms": [
            "child",
            "daughter",
            "kid",
            "minion",
            "son"
          ]
        },
        {
          "type": "synonyms",
          "value": "parent",
          "synonyms": [
            "father",
            "mother"
          ]
        },
        {
          "type": "synonyms",
          "value": "spouse",
          "synonyms": [
            "husband",
            "partner",
            "significant other",
            "wife"
          ]
        }
      ]
    },
    {
      "entity": "types",
      "values": [
        {
          "type": "synonyms",
          "value": "dental",
          "synonyms": [
            "bicuspid",
            "braces",
            "bridge",
            "cavity",
            "crown",
            "dental work",
            "dentist",
            "molar",
            "oral surgeon",
            "orthodontist",
            "root canal",
            "teeth",
            "teeth cleaning",
            "tooth",
            "tooth repair"
          ]
        },
        {
          "type": "synonyms",
          "value": "mental",
          "synonyms": [
            "anxiety",
            "depression",
            "mental health",
            "psychiatrist",
            "psychologist",
            "psychotherapy",
            "shrink",
            "therapist"
          ]
        },
        {
          "type": "synonyms",
          "value": "physical",
          "synonyms": [
            "adjustment",
            "back",
            "chiropractor",
            "physical therapy",
            "spine"
          ]
        },
        {
          "type": "synonyms",
          "value": "vision",
          "synonyms": [
            "contacts",
            "eye",
            "eye exam",
            "eye exams",
            "eye glasses",
            "eyes",
            "glasses",
            "laser treatment",
            "lasik",
            "ocular",
            "optometrist"
          ]
        }
      ]
    },
    {
      "entity": "procedures",
      "values": [
        {
          "type": "synonyms",
          "value": "physiotherapy",
          "synonyms": [
            "massage",
            "muscle pain",
            "muscle therapy",
            "myofascial",
            "physical therapist",
            "physical therapy",
            "rehabilitation",
            "stretching",
            "therapy exercises"
          ]
        },
        {
          "type": "synonyms",
          "value": "orthodontics",
          "synonyms": [
            "braces",
            "smile correction",
            "straighten"
          ]
        },
        {
          "type": "synonyms",
          "value": "psychologist",
          "synonyms": [
            "addiction",
            "counseling",
            "couples counseling",
            "depression",
            "family counseling",
            "head doctor",
            "ptsd",
            "shrink",
            "therapist",
            "therapy"
          ]
        },
        {
          "type": "synonyms",
          "value": "teeth cleaning",
          "synonyms": [
            "biannual",
            "binannual checkup",
            "checkup with dentist",
            "dental checkup",
            "flossing",
            "flouride",
            "teeth cleaned"
          ]
        },
        {
          "type": "synonyms",
          "value": "tooth repair",
          "synonyms": [
            "bridge",
            "cap",
            "cavity",
            "chipped tooth",
            "crack",
            "crown",
            "filling",
            "implant",
            "post",
            "root canal",
            "tooth ache",
            "tooth pain",
            "tooth removal"
          ]
        },
        {
          "type": "synonyms",
          "value": "chiropractor",
          "synonyms": [
            "adjustment",
            "back",
            "back adjusted",
            "back doctor",
            "back pain",
            "chiropractic",
            "massage",
            "spine"
          ]
        },
        {
          "type": "synonyms",
          "value": "eye exam",
          "synonyms": [
            "annual exam",
            "check vision",
            "eye exams"
          ]
        },
        {
          "type": "synonyms",
          "value": "eye wear",
          "synonyms": [
            "bifocals",
            "contacts",
            "correction",
            "glasses",
            "laser",
            "laser treatment",
            "lasik",
            "lenses",
            "specks",
            "vision correction"
          ]
        }
      ]
    },
    {
      "entity": "details",
      "values": [
        {
          "type": "synonyms",
          "value": "start",
          "synonyms": [
            "first",
            "start date"
          ]
        },
        {
          "type": "synonyms",
          "value": "term",
          "synonyms": [
            "billing period",
            "period"
          ]
        },
        {
          "type": "synonyms",
          "value": "end",
          "synonyms": [
            "end date",
            "end of coverage",
            "last",
            "plan end",
            "plan termination"
          ]
        },
        {
          "type": "synonyms",
          "value": "code",
          "synonyms": [
            "billing code",
            "billing information",
            "doctor code",
            "number for form"
          ]
        },
        {
          "type": "synonyms",
          "value": "coverage",
          "synonyms": [
            "covered",
            "insurance covers",
            "percentage"
          ]
        },
        {
          "type": "synonyms",
          "value": "limit",
          "synonyms": [
            "balance",
            "cash",
            "deductible",
            "remaining"
          ]
        }
      ]
    },
    {
      "entity": "response",
      "values": [
        {
          "type": "synonyms",
          "value": "no",
          "synonyms": [
            "do not",
            "don't",
            "false",
            "negative",
            "nope",
            "not",
            "not right",
            "not that"
          ]
        },
        {
          "type": "synonyms",
          "value": "yes",
          "synonyms": [
            "alright",
            "correct",
            "fine",
            "I guess",
            "I think so",
            "maybe",
            "si",
            "sure",
            "totally",
            "ya",
            "yah",
            "ye",
            "yeah",
            "yep",
            "you bet",
            "yup"
          ]
        }
      ]
    },
    {
      "entity": "verb",
      "values": [
        {
          "type": "synonyms",
          "value": "information",
          "synonyms": [
            "additional details",
            "data",
            "description",
            "info"
          ]
        },
        {
          "type": "synonyms",
          "value": "claim",
          "synonyms": [
            "expense",
            "file",
            "reimbursement"
          ]
        }
      ]
    }
  ],
  "language": "en",
  "metadata": {
    "api_version": {
      "major_version": "v1",
      "minor_version": "2018-07-10"
    }
  },
  "description": "Skill to be used for testing and training.",
  "dialog_nodes": [
    {
      "type": "standard",
      "output": {
        "text": "I can't talk about that. But I can tell you about your vision, dental, mental, and physical plans."
      },
      "parent": "node_12_1476151077484",
      "conditions": "anything_else",
      "dialog_node": "node_14_1476151372574",
      "previous_sibling": "node_13_1476151143532"
    },
    {
      "type": "standard",
      "output": {},
      "parent": "node_12_1476151077484",
      "next_step": {
        "behavior": "jump_to",
        "selector": "body",
        "dialog_node": "node_8_1470846944134"
      },
      "conditions": "@types",
      "dialog_node": "node_13_1476151143532"
    },
    {
      "type": "standard",
      "output": {
        "text": "Filing your claim now!"
      },
      "parent": "node_15_1472604976973",
      "context": {
        "claim_step": "verify",
        "claim_amount": "<? input.text ?>"
      },
      "conditions": "input.text",
      "dialog_node": "node_16_1472607557405"
    },
    {
      "type": "standard",
      "output": {
        "text": "What was the date of your appointment? I prefer YYYY-MM-DD to make filing easier for me."
      },
      "parent": "node_7_1472590161269",
      "context": {
        "claim_step": "date",
        "claim_procedure": "@procedures"
      },
      "conditions": "@procedures",
      "dialog_node": "node_8_1472590259253"
    },
    {
      "type": "slot",
      "output": {},
      "parent": "node_6_1475611948267",
      "metadata": {},
      "variable": "$person",
      "dialog_node": "slot_1_1523340074454"
    },
    {
      "type": "standard",
      "output": {},
      "parent": "node_6_1472590118317",
      "next_step": {
        "behavior": "jump_to",
        "selector": "condition",
        "dialog_node": "node_8_1472590259253"
      },
      "conditions": "@procedures",
      "dialog_node": "node_19_1475623879868",
      "previous_sibling": "node_7_1472590161269"
    },
    {
      "type": "standard",
      "output": {
        "text": "The procedure categories are:  <? $procedures ?>. Pick one of those for me."
      },
      "parent": "node_6_1472590118317",
      "conditions": "#list_options",
      "dialog_node": "node_7_1472590161269"
    },
    {
      "type": "slot",
      "output": {},
      "parent": "node_5_1523343155066",
      "metadata": {},
      "variable": "$location",
      "dialog_node": "slot_6_1523343180294"
    },
    {
      "type": "standard",
      "output": {
        "text": "Alright. What can I do for you? I mostly search boring insurance documents or help you file claims."
      },
      "parent": "node_2_1472663851939",
      "conditions": "input.text",
      "dialog_node": "node_10_1476150029988"
    },
    {
      "type": "standard",
      "output": {},
      "parent": "node_13_1472604740084",
      "next_step": {
        "behavior": "jump_to",
        "selector": "condition",
        "dialog_node": "node_11_1472598207218"
      },
      "conditions": "input.text.matches('^\\d{4}\\-(0?[1-9]|1[012])\\-(0?[1-9]|[12][0-9]|3[01])$')",
      "dialog_node": "node_1_1472758289866"
    },
    {
      "type": "standard",
      "output": {
        "text": "Oh no. Let's get this fixed."
      },
      "parent": "node_16_1472607557405",
      "conditions": "#negative",
      "dialog_node": "node_3_1472761519777",
      "previous_sibling": "node_2_1472761508426"
    },
    {
      "type": "standard",
      "output": {
        "text": "Happy to help!"
      },
      "parent": "node_16_1472607557405",
      "conditions": "#positive",
      "dialog_node": "node_2_1472761508426"
    },
    {
      "type": "event_handler",
      "output": {
        "text": "This facility is not available online. Visit our nearest branch for more details.Where do you stay?"
      },
      "parent": "slot_12_1523344212518",
      "metadata": {},
      "event_name": "focus",
      "dialog_node": "handler_14_1523344212518",
      "previous_sibling": "handler_13_1523344212518"
    },
    {
      "type": "event_handler",
      "output": {},
      "parent": "slot_12_1523344212518",
      "context": {
        "location": "@sys-location"
      },
      "metadata": {},
      "conditions": "@sys-location",
      "event_name": "input",
      "dialog_node": "handler_13_1523344212518"
    },
    {
      "type": "standard",
      "output": {
        "text": "Alright, last thing. What is the amount you want to claim?"
      },
      "parent": "node_12_1472604720806",
      "context": {
        "claim_step": "amount",
        "claim_provider": "<? input.text ?>"
      },
      "conditions": "input.text",
      "dialog_node": "node_15_1472604976973"
    },
    {
      "type": "event_handler",
      "output": {
        "text": "Hi ! What should I call you?"
      },
      "parent": "slot_1_1523340074454",
      "metadata": {},
      "event_name": "focus",
      "dialog_node": "handler_3_1523340074454",
      "previous_sibling": "handler_2_1523340074454"
    },
    {
      "type": "event_handler",
      "parent": "slot_1_1523340074454",
      "context": {
        "person": "@sys-person"
      },
      "conditions": "@sys-person",
      "event_name": "input",
      "dialog_node": "handler_2_1523340074454"
    },
    {
      "type": "slot",
      "output": {},
      "parent": "node_4_1523341989296",
      "metadata": {},
      "variable": "$location",
      "dialog_node": "slot_12_1523344212518"
    },
    {
      "type": "standard",
      "output": {
        "text": "I can't file claims for that."
      },
      "parent": "node_3_1472589537910",
      "conditions": "anything_else",
      "dialog_node": "node_18_1475623617512",
      "previous_sibling": "node_6_1472590118317"
    },
    {
      "type": "standard",
      "output": {
        "text": "Alright, I can do a @types claim. I also need to know the specific procedure you had done."
      },
      "parent": "node_3_1472589537910",
      "context": {
        "claim_step": "procedure",
        "chosen_service": "@types"
      },
      "conditions": "@types",
      "dialog_node": "node_6_1472590118317",
      "previous_sibling": "node_5_1472590033232"
    },
    {
      "type": "standard",
      "output": {
        "text": "Got it. Now what was the date of your appointment?"
      },
      "parent": "node_3_1472589537910",
      "next_step": {
        "behavior": "jump_to",
        "selector": "condition",
        "dialog_node": "node_8_1472590259253"
      },
      "conditions": "@procedures",
      "dialog_node": "node_5_1472590033232"
    },
    {
      "type": "standard",
      "output": {
        "text": "What did you need to know about @procedures?"
      },
      "parent": "node_2_1475683599072",
      "next_step": {
        "behavior": "jump_to",
        "selector": "condition",
        "dialog_node": "node_14_1470851039515"
      },
      "conditions": "@procedures",
      "dialog_node": "node_4_1476111372486"
    },
    {
      "type": "standard",
      "output": {
        "text": "I don't have anything for '<? input.text ?>', but I can tell you the limit, coverage, term, start, end, or code for your plan."
      },
      "parent": "node_6_1471294106656",
      "conditions": "anything_else",
      "dialog_node": "node_13_1475622927885",
      "previous_sibling": "node_2_1471295022480"
    },
    {
      "type": "standard",
      "output": {
        "text": "Grabbing the  @details for <? $chosen_procedure ?>."
      },
      "parent": "node_6_1471294106656",
      "context": {
        "chosen_detail": "@details"
      },
      "conditions": "@details",
      "dialog_node": "node_2_1471295022480"
    },
    {
      "type": "event_handler",
      "output": {
        "text": "Where do you stay?"
      },
      "parent": "slot_6_1523343180294",
      "metadata": {},
      "event_name": "focus",
      "dialog_node": "handler_8_1523343180294",
      "previous_sibling": "handler_7_1523343180294"
    },
    {
      "type": "event_handler",
      "output": {},
      "parent": "slot_6_1523343180294",
      "context": {
        "location": "@sys-location"
      },
      "metadata": {},
      "conditions": "@sys-location",
      "event_name": "input",
      "dialog_node": "handler_7_1523343180294"
    },
    {
      "type": "standard",
      "output": {},
      "parent": "node_11_1475612980634",
      "next_step": {
        "behavior": "jump_to",
        "selector": "condition",
        "dialog_node": "node_14_1470851039515"
      },
      "conditions": "@procedures",
      "dialog_node": "node_12_1475613151217"
    },
    {
      "type": "standard",
      "output": {},
      "parent": "node_11_1472598207218",
      "next_step": {
        "behavior": "jump_to",
        "selector": "condition",
        "dialog_node": "node_11_1472598207218"
      },
      "conditions": "input.text.matches('^\\d{4}\\-(0?[1-9]|1[012])\\-(0?[1-9]|[12][0-9]|3[01])$')",
      "dialog_node": "node_14_1472604886510",
      "previous_sibling": "node_13_1472604740084"
    },
    {
      "type": "standard",
      "output": {
        "text": "Okay. Please enter the date again. Use YYYY-MM-DD."
      },
      "parent": "node_11_1472598207218",
      "context": {
        "claim_step": "date"
      },
      "conditions": "@response:no",
      "dialog_node": "node_13_1472604740084",
      "previous_sibling": "node_12_1472604720806"
    },
    {
      "type": "standard",
      "output": {
        "text": "Okay. Please enter the date again. Use YYYY-MM-DD."
      },
      "parent": "node_11_1472598207218",
      "context": {
        "claim_step": "date"
      },
      "conditions": "anything_else",
      "dialog_node": "node_1_1476991423783",
      "previous_sibling": "node_14_1472604886510"
    },
    {
      "type": "standard",
      "output": {
        "text": "Fantastic. What is the name of the provider or physician you went to?"
      },
      "parent": "node_11_1472598207218",
      "context": {
        "claim_step": "provider"
      },
      "conditions": "@response:yes",
      "dialog_node": "node_12_1472604720806"
    },
    {
      "type": "standard",
      "output": {
        "text": "I have a date of <? input.text ?>. Is that right?"
      },
      "parent": "node_8_1472590259253",
      "context": {
        "claim_date": "<? input.text ?>",
        "claim_step": "verifyDate"
      },
      "conditions": "input.text.matches('^\\d{4}\\-(0?[1-9]|1[012])\\-(0?[1-9]|[12][0-9]|3[01])$')",
      "dialog_node": "node_11_1472598207218"
    },
    {
      "type": "standard",
      "output": {
        "text": "I can find some info on your vision, dental, mental, and physical plans."
      },
      "parent": "node_1_1472670944646",
      "next_step": {
        "behavior": "jump_to",
        "selector": "condition",
        "dialog_node": "node_8_1470846944134"
      },
      "conditions": "#list_options",
      "dialog_node": "node_5_1471288584916"
    },
    {
      "type": "standard",
      "output": {
        "text": "For <? $chosen_service ?> the procedures are <? $procedureList ?>. Which one of those can I look up for you?"
      },
      "parent": "node_8_1470846944134",
      "conditions": "#list_options",
      "dialog_node": "node_11_1470849685631",
      "previous_sibling": "node_3_1471903859772"
    },
    {
      "type": "standard",
      "output": {},
      "parent": "node_8_1470846944134",
      "next_step": {
        "behavior": "jump_to",
        "selector": "condition",
        "dialog_node": "node_14_1470851039515"
      },
      "conditions": "@procedures",
      "dialog_node": "node_3_1471903859772"
    },
    {
      "type": "standard",
      "output": {
        "text": "Well, that's not a procedure I know about. I can talk about <? $procedures ?> if you're still interested."
      },
      "parent": "node_11_1470849685631",
      "conditions": "anything_else",
      "dialog_node": "node_11_1475612980634",
      "previous_sibling": "node_14_1470851039515"
    },
    {
      "type": "standard",
      "output": {
        "text": "What information do you need about @procedures?"
      },
      "parent": "node_11_1470849685631",
      "context": {
        "chosen_procedure": "@procedures"
      },
      "conditions": "@procedures",
      "dialog_node": "node_14_1470851039515"
    },
    {
      "type": "standard",
      "output": {},
      "parent": "node_6_1476149112153",
      "next_step": {
        "behavior": "jump_to",
        "selector": "body",
        "dialog_node": "node_11_1470849685631"
      },
      "conditions": "#get_info",
      "dialog_node": "node_8_1476149304756",
      "previous_sibling": "node_7_1476149155153"
    },
    {
      "type": "standard",
      "output": {
        "text": "Alright, I can do a <? $chosen_service ?> claim. I also need to know the specific procedure you had done."
      },
      "parent": "node_6_1476149112153",
      "context": {
        "claim_step": "procedure"
      },
      "next_step": {
        "behavior": "jump_to",
        "selector": "body",
        "dialog_node": "node_6_1472590118317"
      },
      "conditions": "#make_claim",
      "dialog_node": "node_7_1476149155153"
    },
    {
      "type": "standard",
      "output": {
        "text": "I can tell you about the limit, coverage, term, start, end, or code. You probably are interested in coverage."
      },
      "parent": "node_14_1470851039515",
      "conditions": "#list_options",
      "dialog_node": "node_6_1471294106656",
      "previous_sibling": "node_1_1471294589032"
    },
    {
      "type": "standard",
      "output": {
        "text": ""
      },
      "parent": "node_14_1470851039515",
      "context": {
        "chosen_detail": "@details"
      },
      "next_step": {
        "behavior": "jump_to",
        "selector": "condition",
        "dialog_node": "node_2_1471295022480"
      },
      "conditions": "@details",
      "dialog_node": "node_1_1471294589032"
    },
    {
      "type": "standard",
      "output": {},
      "parent": "node_1_1476991423783",
      "next_step": {
        "behavior": "jump_to",
        "selector": "condition",
        "dialog_node": "node_11_1472598207218"
      },
      "conditions": "input.text.matches('^\\d{4}\\-(0?[1-9]|1[012])\\-(0?[1-9]|[12][0-9]|3[01])$')",
      "dialog_node": "node_2_1476991501853"
    },
    {
      "type": "standard",
      "output": {
        "text": "I can talk about your vision, dental, mental, and physical plans."
      },
      "conditions": "#list_options",
      "dialog_node": "node_5_1476113231936",
      "previous_sibling": "node_3_1476110635133"
    },
    {
      "type": "standard",
      "output": {
        "text": "Okay, let me do the boring reading for you. What service did you need to know more about?"
      },
      "conditions": "#get_info && !(@details) && !(@procedures) && !(@types)",
      "dialog_node": "node_1_1472670944646",
      "previous_sibling": "node_11_1476150557365"
    },
    {
      "type": "standard",
      "output": {
        "text": "Let me get that for you. Grabbing the  @details for @procedures."
      },
      "context": {
        "chosen_detail": "@details",
        "chosen_procedure": "@procedures"
      },
      "conditions": "@details && #select_detail && @procedures",
      "dialog_node": "node_9_1472596541094",
      "previous_sibling": "node_12_1476151077484"
    },
    {
      "type": "standard",
      "output": {
        "text": "Goodbye."
      },
      "conditions": "#goodbye",
      "dialog_node": "node_1_1471530144227",
      "previous_sibling": "node_4_1470846498634"
    },
    {
      "type": "standard",
      "output": {
        "text": {
          "values": [
            "Sorry to hear that.This facility is not available online. Visit our nearest branch to cancel your policy"
          ],
          "selection_policy": "sequential"
        }
      },
      "metadata": {
        "fallback": "leave"
      },
      "conditions": "#Cancel_Policy",
      "digress_in": "does_not_return",
      "dialog_node": "node_4_1523341989296",
      "digress_out": "allow_all",
      "previous_sibling": "node_7_1475612009751"
    },
    {
      "type": "standard",
      "output": {
        "text": "Always happy to help $person!"
      },
      "metadata": {},
      "conditions": "#positive",
      "dialog_node": "node_1_1472655156255",
      "previous_sibling": "node_1_1472578460792"
    },
    {
      "type": "standard",
      "output": {
        "text": "I'm not able to answer that."
      },
      "conditions": "intents.size() == 0",
      "dialog_node": "node_9_1475612074357",
      "previous_sibling": "node_6_1475611948267"
    },
    {
      "type": "standard",
      "output": {
        "text": "Sure. What can I help you with?"
      },
      "conditions": "#still-here",
      "dialog_node": "node_2_1475683599072",
      "previous_sibling": "node_1_1471530144227"
    },
    {
      "type": "standard",
      "output": {
        "text": "Sorry, I don't understand that one."
      },
      "conditions": "anything_else",
      "dialog_node": "node_10_1475612266683",
      "previous_sibling": "node_5_1523343155066"
    },
    {
      "type": "standard",
      "output": {
        "text": "I can get your @details for you. What service do you need info for? I've got information on your vision, dental, mental, and physical plans."
      },
      "context": {
        "chosen_detail": "@details"
      },
      "conditions": "#get_info && @details",
      "dialog_node": "node_12_1476151077484",
      "previous_sibling": "node_1_1471971552653"
    },
    {
      "type": "standard",
      "output": {
        "text": "Your coverage for @procedures is "
      },
      "context": {
        "chosen_detail": "coverage",
        "chosen_procedure": "@procedures"
      },
      "conditions": "#coverage && @procedures",
      "dialog_node": "node_1_1471622977336",
      "previous_sibling": "node_9_1472596541094"
    },
    {
      "type": "standard",
      "output": {
        "text": "I can't help you with that. I'm just a bot to help you with your insurance documents."
      },
      "conditions": "#no-response",
      "dialog_node": "node_1_1475683470899",
      "previous_sibling": "node_2_1472663851939"
    },
    {
      "type": "standard",
      "output": {
        "text": "I'm on the clock. Let's talk later."
      },
      "conditions": "#off_topic",
      "dialog_node": "node_1_1472137756520",
      "previous_sibling": "node_1_1475683470899"
    },
    {
      "type": "frame",
      "output": {
        "text": {
          "values": [
            "Oh! you are from $location. Check https://www.google.com/maps?daddr=$location for the nearest branch."
          ],
          "selection_policy": "sequential"
        }
      },
      "metadata": {
        "fallback": "leave"
      },
      "conditions": "@location",
      "digress_in": "does_not_return",
      "dialog_node": "node_5_1523343155066",
      "digress_out": "allow_all",
      "previous_sibling": "node_4_1523341989296",
      "digress_out_slots": "not_allowed"
    },
    {
      "type": "standard",
      "output": {
        "text": "What was the date of your appointment? I prefer YYYY-MM-DD to make filing easier for me."
      },
      "context": {
        "claim_step": "date",
        "claim_procedure": "@procedures"
      },
      "next_step": {
        "behavior": "jump_to",
        "selector": "condition",
        "dialog_node": "node_11_1472598207218"
      },
      "conditions": "#make_claim && @procedures",
      "dialog_node": "node_3_1476991627470",
      "previous_sibling": "node_3_1472589537910"
    },
    {
      "type": "standard",
      "output": {
        "text": "I'm fantastic. How are you?"
      },
      "conditions": "#casual_conversation",
      "dialog_node": "node_2_1472663851939",
      "previous_sibling": "node_2_1475683599072"
    },
    {
      "type": "standard",
      "output": {
        "text": "Right now I can't help with locating or scheduling providers, but that feature is coming soon!"
      },
      "conditions": "#find-doctor",
      "dialog_node": "node_11_1476150557365",
      "previous_sibling": "node_5_1476113231936"
    },
    {
      "type": "standard",
      "output": {
        "text": "Unfortunately I can only tell you about your coverage right now. My AI overlords plan to add family coverage soon!"
      },
      "conditions": "@family",
      "dialog_node": "node_3_1476110635133",
      "previous_sibling": "node_9_1475612074357"
    },
    {
      "type": "standard",
      "output": {
        "text": "Let me take care of that paperwork for you. What did you have done?"
      },
      "conditions": "#make_claim",
      "dialog_node": "node_3_1472589537910",
      "previous_sibling": "node_1_1471622977336"
    },
    {
      "type": "standard",
      "output": {
        "text": "Alright, I can tell you more about your @types plan. Let's narrow it down a little. Which procedure do you need information for?"
      },
      "context": {
        "chosen_service": "@types"
      },
      "conditions": "#select_service && @types",
      "dialog_node": "node_8_1470846944134",
      "previous_sibling": "node_1_1472670944646"
    },
    {
      "type": "standard",
      "output": {
        "text": "How can I help with your @types policy? Do you need information or to file a claim?"
      },
      "context": {
        "chosen_service": "@types"
      },
      "conditions": "@types",
      "dialog_node": "node_6_1476149112153",
      "previous_sibling": "node_4_1472589946048"
    },
    {
      "type": "standard",
      "output": {
        "context": {
          "chosen_detail": "@details",
          "chosen_procedure": "@procedures"
        }
      },
      "next_step": {
        "behavior": "jump_to",
        "selector": "condition",
        "dialog_node": "node_14_1470851039515"
      },
      "conditions": "@procedures && #select_procedure",
      "dialog_node": "node_1_1471971552653",
      "previous_sibling": "node_8_1470846944134"
    },
    {
      "type": "standard",
      "output": {
        "text": "I hope it went smoothly. What was the date of your appointment? I prefer YYYY-MM-DD to make filing easier for me."
      },
      "context": {
        "claim_step": "date",
        "claim_procedure": "@procedures"
      },
      "next_step": {
        "behavior": "jump_to",
        "selector": "condition",
        "dialog_node": "node_8_1472590259253"
      },
      "conditions": "@procedures && #claim_procedure",
      "dialog_node": "node_4_1472589946048",
      "previous_sibling": "node_3_1476991627470"
    },
    {
      "type": "standard",
      "output": {
        "text": {
          "values": [
            "Hello $person ! How can I can help you today?"
          ],
          "selection_policy": "sequential"
        }
      },
      "metadata": {},
      "conditions": "#greeting",
      "dialog_node": "node_4_1470846498634",
      "previous_sibling": "node_6_1476149112153"
    },
    {
      "type": "standard",
      "output": {
        "text": "I'm not confident enough to answer that one. Maybe try something else?"
      },
      "conditions": "intents[0].confidence < 0.80",
      "dialog_node": "node_7_1475612009751",
      "previous_sibling": "node_1_1472655156255"
    },
    {
      "type": "standard",
      "output": {
        "text": "I'm sorry you feel that way."
      },
      "conditions": "#negative",
      "dialog_node": "node_1_1472578460792",
      "previous_sibling": "node_1_1472137756520"
    },
    {
      "type": "frame",
      "output": {
        "text": "Hey $person ! Let me know if you need any help or get stuck looking for information."
      },
      "metadata": {
        "fallback": "leave"
      },
      "conditions": "conversation_start",
      "digress_in": "does_not_return",
      "dialog_node": "node_6_1475611948267",
      "digress_out": "allow_all",
      "digress_out_slots": "not_allowed"
    }
  ],
  "workspace_id": "efb6aef8-b22d-4300-befb-d3efa6f6ae76",
  "counterexamples": [],
  "learning_opt_out": false,
  "status": "Available"
}